﻿<UpdateInfo MD5="8F576E3C3C04E45CBCA8C0512A70051B">
	<UpdateLog>Dism++ 10.1.1000.20 13:59 2017/8/13

1：解决一些BUG，比如BUG 123、164、149、155
具体请参考：https://github.com/Chuyu-Team/Dism-Multi-language/issues

2：新增Fea，Windows Update新增重启生效报告支持。
3：新增Fea，新增Dism++ sut支持，为离线系统添加软件。

希望各种语言大神能为Dism++国际化支持添砖加瓦 : )

详细信息请参考更新日志</UpdateLog>
	<Tag>1144</Tag>
	<URLS>
		<URL>http://cdn.chuyu.me/files/</URL>
	</URLS>
	<FileCollection>
		<File Path="Dism++x64.exe" Exist="True" zip="true" Size="345501" MD5="EF040CF24EB8737AD899A0ACDCB41DDA" URL="http://cdn.chuyu.me/files/Dism++x64_10.1.21.2B.zip">
			<Version MD5="55212940CFDEA185966F151EBCCAA047">
				<Delta Size="141828" URL="Dism++x64.exe_10.1.1000.0~10.1.1000.20.psf" MD5="7F7E26A844D75E51D195998CCAD2C820" Type="PA30" Base="C9612AB68D79316C7F3ED4D1AE3982E6"/>
				<Delta Size="141076" URL="Dism++x64.exe_10.1.1000.1~10.1.1000.20.psf" MD5="2D1D086A9A0EFC40DE653B123E0D03A3" Type="PA30" Base="BEC14F64D0BC5F6EF9180D58B1777C92"/>
				<Delta Size="106347" URL="Dism++x64.exe_10.1.1000.10~10.1.1000.20.psf" MD5="52356EAC300C04109E81BD4C9057F422" Type="PA30" Base="26D26C9CCAD60443B766A03A6A9B49D8"/>
				<Delta Size="94127" URL="Dism++x64.exe_10.1.1000.11~10.1.1000.20.psf" MD5="8D1DE4FCABAE37FE85B9B051AB43BA17" Type="PA30" Base="A04075F6759636FFF0596F63F66A1138"/>
				<Delta Size="160116" URL="Dism++x64.exe_10.1.25.4~10.1.1000.20.psf" MD5="359603C3B666DDB69447809A6E10C3CA" Type="PA30" Base="ADEDC45683F7D720C50D72CD2DDD78BB"/>
				<Delta Size="153479" URL="Dism++x64.exe_10.1.27.1~10.1.1000.20.psf" MD5="B0EBD61F34912FE34AC598C01AF6AAD6" Type="PA30" Base="99C847FA20723F7C7FCAA9B56163A20A"/>
				<Delta Size="411362" URL="Dism++x64.exe_10.1.1000.20.cab" MD5="F972EECC6CC2D2CA80DAC79E2F10ED98" Type="MSCF"/>
			</Version>
		</File>
		<File Path="Dism++x86.exe" Exist="True" zip="true" Size="257672" MD5="D784CC8E300D7D16B3D6645FD952B67A" URL="http://cdn.chuyu.me/files/Dism++x86_10.1.21.2B.zip">
			<Version MD5="460A0F7542E062437EF4FF0F9A2D27B5">
				<Delta Size="107217" URL="Dism++x86.exe_10.1.1000.0~10.1.1000.20.psf" MD5="9947BE91B1069B2293E4A0DA4CFFF7E8" Type="PA30" Base="6101FEB3AAED15B5E79F3DA82BE1B8CF"/>
				<Delta Size="107066" URL="Dism++x86.exe_10.1.1000.1~10.1.1000.20.psf" MD5="A4B2D745631FF01FBD67FDE1A14BB80E" Type="PA30" Base="FB7D07A939AAD5D4061DA8F94473ED89"/>
				<Delta Size="75358" URL="Dism++x86.exe_10.1.1000.10~10.1.1000.20.psf" MD5="9DE3875624F1025EAB05647C59328E7A" Type="PA30" Base="C4252FBE3C66DAFA03484F261340B1AD"/>
				<Delta Size="62271" URL="Dism++x86.exe_10.1.1000.11~10.1.1000.20.psf" MD5="F43D98E96A78FBA00BDB2646700B7102" Type="PA30" Base="E5FD31FFC115DCC8B8C729A33CBC1CDC"/>
				<Delta Size="118014" URL="Dism++x86.exe_10.1.25.4~10.1.1000.20.psf" MD5="BD98FE6CEFB64A86CE0DA82B8395EB27" Type="PA30" Base="C1F932AE63A9A38A0884FD590847405F"/>
				<Delta Size="113671" URL="Dism++x86.exe_10.1.27.1~10.1.1000.20.psf" MD5="561EAC866C5D8C433A6C1AA4473B2EAA" Type="PA30" Base="D6AC14C34E3E21F6E00AF93D68EA3661"/>
				<Delta Size="319700" URL="Dism++x86.exe_10.1.1000.20.cab" MD5="5DCC406D423ED0CC3310F615B15602B0" Type="MSCF"/>
			</Version>
		</File>
		<File Path="Config\Data.zip">
			<Version MD5="5DA77F201AADBDD0597A08A6ABF3C0EA">
				<Delta Size="42962" URL="Config_Data.zip_2017-03-10~2017-08-13.psf" MD5="F9D44173D5464ECE515481AA22FD84EA" Type="PA30" Base="183AECAEF3562737315146E7133B8536"/>
				<Delta Size="42762" URL="Config_Data.zip_2017-03-29~2017-08-13.psf" MD5="45251003E2E9B3AAD52C2CED60C5361C" Type="PA30" Base="879298B907BB7279C391B7F00FA10561"/>
				<Delta Size="42781" URL="Config_Data.zip_2017-04-04~2017-08-13.psf" MD5="5E63D59A46641FDF5AFA0192446A11C1" Type="PA30" Base="A6C9B66AD245E915ACF21B730F88960A"/>
				<Delta Size="42950" URL="Config_Data.zip_2017-04-16~2017-08-13.psf" MD5="FD8F44DC89E93607D52315841678B2FF" Type="PA30" Base="395C2A7732892BCC36A26EA3F43A0DC7"/>
				<Delta Size="42226" URL="Config_Data.zip_2017-05-14~2017-08-13.psf" MD5="41A8E9CF0B7FE7A5B63EBEA8045CB442" Type="PA30" Base="9526146F624C2EEA292255C67BA6711B"/>
				<Delta Size="41615" URL="Config_Data.zip_2017-05-21~2017-08-13.psf" MD5="E6EBC419F1DFA90203FE99EB7FDA5034" Type="PA30" Base="012DC5D5F845C15B109BE6BF20C087AE"/>
				<Delta Size="42613" URL="Config_Data.zip_2017-06-13~2017-08-13.psf" MD5="C75A43395F4C7379B6C872907754DEA1" Type="PA30" Base="898C34CE862C4DFBEEDCC6AFCD565806"/>
				<Delta Size="42525" URL="Config_Data.zip_2017-06-17~2017-08-13.psf" MD5="3B6E47C12764B99283F380EAE1464167" Type="PA30" Base="D6B06222D9A313B22050E2BD5D797DDE"/>
				<Delta Size="33457" URL="Config_Data.zip_2017-06-25~2017-08-13.psf" MD5="FAFA2031568E0D99C7CA89B1CAD5562C" Type="PA30" Base="B890589D1247CFEECB8276E0B384378E"/>
				<Delta Size="33457" URL="Config_Data.zip_2017-07-03~2017-08-13.psf" MD5="9F0807E219C70514DFED426173CA6074" Type="PA30" Base="511F04805DF887FB1E2BA3D4661AD717"/>
				<Delta Size="29368" URL="Config_Data.zip_2017-07-29~2017-08-13.psf" MD5="123B1CF241A275512CCAB81252112683" Type="PA30" Base="A54569F238C52069FBA6D69F88CCB052"/>
				<Delta Size="43047" URL="Config_Data.zip_2017-08-13..zip" MD5="5DA77F201AADBDD0597A08A6ABF3C0EA" Type="RAW"/>
			</Version>
		</File>
		<File Path="Config\amd64\CBSHost.dll" Exist="True" zip="true" Size="67375" MD5="C61109115A83DE72833DC356C7D764E4" URL="http://cdn.chuyu.me/files/CBSHost_amd64_10.1.21.2.zip">
			<Applicable>
				<FileExist FilePath="%0%Dism++x64.exe"/>
			</Applicable>
			<Version MD5="7DFAB7713A6036CB6E3E672487E20793">
				<Delta Size="20043" URL="Config_amd64_CBSHost.dll_10.1.1000.0~10.1.1000.20.psf" MD5="66DE53129A3BF0001357A360D1FBF936" Type="PA30" Base="AD23FC12B3C90AFD3ED1C609D327A718"/>
				<Delta Size="12066" URL="Config_amd64_CBSHost.dll_10.1.1000.10~10.1.1000.20.psf" MD5="30A6A6E6952B18AA2CE06175F2E37BB7" Type="PA30" Base="D713AA0B16B58AAA7747882AA1C97EB6"/>
				<Delta Size="9479" URL="Config_amd64_CBSHost.dll_10.1.1000.11~10.1.1000.20.psf" MD5="228CF00CA91F851D7B0B508BC7736359" Type="PA30" Base="053D7CB8A16AE3DBC5CD7604EE9F576F"/>
				<Delta Size="27121" URL="Config_amd64_CBSHost.dll_10.1.26.8~10.1.1000.20.psf" MD5="651922E68858C3DF3D6536B821407B8F" Type="PA30" Base="0D50E9C81F7BB76BA269AC293516DFC3"/>
				<Delta Size="24988" URL="Config_amd64_CBSHost.dll_10.1.27.1~10.1.1000.20.psf" MD5="362C44432883D2E75326027C8B37053D" Type="PA30" Base="DB61ADFE821E289F4910A6F29E9E72A6"/>
				<Delta Size="62372" URL="Config_amd64_CBSHost.dll_10.1.1000.20.cab" MD5="5DAA337DCA43946B0335691739EBAE86" Type="MSCF"/>
			</Version>
		</File>
		<File Path="Config\x86\CBSHost.dll" Exist="True" zip="true" Size="55141" MD5="25A63C0086B88A6E062E50E9EC577395" URL="http://cdn.chuyu.me/files/CBSHost_x86_10.1.21.2.zip">
			<Version MD5="8C9332E3A4F126130E474789D6529681">
				<Delta Size="17405" URL="Config_x86_CBSHost.dll_10.1.1000.0~10.1.1000.20.psf" MD5="911807881C29D073BAD9E43655F2CAD2" Type="PA30" Base="02DEEE90F9CAEFC4C5762B43DAF0699D"/>
				<Delta Size="11433" URL="Config_x86_CBSHost.dll_10.1.1000.10~10.1.1000.20.psf" MD5="767B2FC9CC2F7A42DB0BCC65E24670A5" Type="PA30" Base="D63BDE96F11714A364E38568FE3D258C"/>
				<Delta Size="8886" URL="Config_x86_CBSHost.dll_10.1.1000.11~10.1.1000.20.psf" MD5="D7B7F0997412BC8EB291D08B9D54E02A" Type="PA30" Base="40CE86318A897993169696D9DDDDE098"/>
				<Delta Size="23075" URL="Config_x86_CBSHost.dll_10.1.26.8~10.1.1000.20.psf" MD5="5444F39A0141A3CE127EE270A7C72F97" Type="PA30" Base="EFC7FCA294610A82BD9FD73A5D4B1ED8"/>
				<Delta Size="20892" URL="Config_x86_CBSHost.dll_10.1.27.1~10.1.1000.20.psf" MD5="322CF1D1068F456F6FB5032B89683597" Type="PA30" Base="8B8FF017625F6065CC1961AAF2B1155B"/>
				<Delta Size="51880" URL="Config_x86_CBSHost.dll_10.1.1000.20.cab" MD5="0D4357DD15608F8BE883DA3771E8F743" Type="MSCF"/>
			</Version>
		</File>
		<File Path="Config\default.ui.zip" Exist="True">
			<Version MD5="BEFD81F29375FBDAAB5A229D3DC8F16F">
				<Delta Size="11219" URL="Config_default.ui.zip_2016-01-06~2017-08-13.psf" MD5="9FF72EF780271463ECF9B319D223A279" Type="PA30" Base="8789652150C4FEB820AD58C2E708860D"/>
				<Delta Size="11139" URL="Config_default.ui.zip_2017-01-15~2017-08-13.psf" MD5="C483746BEECEF95B565E9A6395F0644C" Type="PA30" Base="5E025CD81593C8FF309D1EED0A5D9393"/>
				<Delta Size="10910" URL="Config_default.ui.zip_2017-02-15~2017-08-13.psf" MD5="502F5194F9CF3EA561D80521AD00FD26" Type="PA30" Base="E54852520A5B17522BDAF36DF1168927"/>
				<Delta Size="10899" URL="Config_default.ui.zip_2017-04-09~2017-08-13.psf" MD5="12A13B58C30E816EC08C907FB267FD19" Type="PA30" Base="5AB7F57422FC93E3A662F182C6A19FD5"/>
				<Delta Size="10782" URL="Config_default.ui.zip_2017-04-27~2017-08-13.psf" MD5="A0FBCB1C103F43B60896C1693AFC2FF2" Type="PA30" Base="55330F91D4645283F640E711416C4DB8"/>
				<Delta Size="10236" URL="Config_default.ui.zip_2017-05-31~2017-08-13.psf" MD5="150525D7925077669DEAA556A3749F39" Type="PA30" Base="8B2A79ABB65248386E98435BD589BE6E"/>
				<Delta Size="10227" URL="Config_default.ui.zip_2017-06-25~2017-08-13.psf" MD5="413A388410CB6B1B131802294FF5E08F" Type="PA30" Base="E56D76FBD2A4595EE79D865DF2789F6E"/>
				<Delta Size="28019" URL="Config_default.ui.zip_2017-08-13.cab" MD5="A73E7C541E355E750F214C98DC13D659" Type="MSCF"/>
			</Version>
		</File>
		<File Path="Config\Plugins\FrogPlugins_Pcn7FMvReAsVWfCQBfRJCw\Plugin.amd64.dll" Exist="True">
			<Applicable>
				<FileExist FilePath="%0%Dism++x64.exe"/>
			</Applicable>
			<Version MD5="E2A7B8657CF2CCD18A35A8B9470CCA16">
				<Delta Size="12991" URL="Config_Plugins_FrogPlugins_Pcn7FMvReAsVWfCQBfRJCw_Plugin.amd64.dll_10.1.1000.0~10.1.1000.10.psf" MD5="71B049C2CC009E06F9EA891C8EC3DFF1" Type="PA30" Base="8DE00900B0C31ACED60B21B0DBF4C73B"/>
				<Delta Size="25217" URL="Config_Plugins_FrogPlugins_Pcn7FMvReAsVWfCQBfRJCw_Plugin.amd64.dll_10.1.20.9~10.1.1000.10.psf" MD5="648E2BBB7F205B91E0E6FD1C432C9083" Type="PA30" Base="9D2949CBDF3C0C4373963E5A094F847F"/>
				<Delta Size="23492" URL="Config_Plugins_FrogPlugins_Pcn7FMvReAsVWfCQBfRJCw_Plugin.amd64.dll_10.1.21.3~10.1.1000.10.psf" MD5="BA4CB5B6A29AFFACABB8270CACF44ED0" Type="PA30" Base="EFA0D7574AA69EB4D7EF61CF051EA93E"/>
				<Delta Size="19587" URL="Config_Plugins_FrogPlugins_Pcn7FMvReAsVWfCQBfRJCw_Plugin.amd64.dll_10.1.24.1~10.1.1000.10.psf" MD5="EE19CBA53773634FA3814F8951B6FC89" Type="PA30" Base="C5140E463C46629DD3C873901E4B61D9"/>
				<Delta Size="19388" URL="Config_Plugins_FrogPlugins_Pcn7FMvReAsVWfCQBfRJCw_Plugin.amd64.dll_10.1.24.2~10.1.1000.10.psf" MD5="C680DC4F65F33A87F73EA6B3605866E3" Type="PA30" Base="3FE0BBA3134C965778D7CDAF0D37AF3B"/>
				<Delta Size="15393" URL="Config_Plugins_FrogPlugins_Pcn7FMvReAsVWfCQBfRJCw_Plugin.amd64.dll_10.1.26.3~10.1.1000.10.psf" MD5="270BA2C2588C838710A0F08F2E47ADB6" Type="PA30" Base="47D85E6EA9194E192FA73BDE211BB485"/>
				<Delta Size="50651" URL="Config_Plugins_FrogPlugins_Pcn7FMvReAsVWfCQBfRJCw_Plugin.amd64.dll_10.1.1000.10.cab" MD5="7349B7FCEB5D702B90F27FEDA257AE7D" Type="MSCF"/>
			</Version>
		</File>
		<File Path="Config\Plugins\FrogPlugins_Pcn7FMvReAsVWfCQBfRJCw\Plugin.x86.dll">
			<Applicable>
				<Or>
					<RegExist Key="HKEY_CURRENT_USER\Software\Dism++FileRequest" Value="Plugin.x86.dll"/>
					<And>
						<FileExist FilePath="%0%Config\Plugins\FrogPlugins_Pcn7FMvReAsVWfCQBfRJCw\Plugin.x86.dll"/>
						<FileExist FilePath="%0%Dism++x86.exe"/>
					</And>
				</Or>
			</Applicable>
			<Version MD5="594B235255B7AC0875282E454D15BD8E">
				<Delta Size="9638" URL="Config_Plugins_FrogPlugins_Pcn7FMvReAsVWfCQBfRJCw_Plugin.x86.dll_10.1.1000.0~10.1.1000.10.psf" MD5="7393A82D6DC0565F6B8C265F2A665905" Type="PA30" Base="48CC79AE5DAB522EFE062C642858B1B0"/>
				<Delta Size="21153" URL="Config_Plugins_FrogPlugins_Pcn7FMvReAsVWfCQBfRJCw_Plugin.x86.dll_10.1.20.9~10.1.1000.10.psf" MD5="FF782A460A04837F990514418478335C" Type="PA30" Base="D0E1A1B29EEF7C32650E4E36D9F3C176"/>
				<Delta Size="19989" URL="Config_Plugins_FrogPlugins_Pcn7FMvReAsVWfCQBfRJCw_Plugin.x86.dll_10.1.21.3~10.1.1000.10.psf" MD5="66478BDD162784F6E68B22BB24C92A21" Type="PA30" Base="666CBE92FDD3673D80BD901A87517472"/>
				<Delta Size="17047" URL="Config_Plugins_FrogPlugins_Pcn7FMvReAsVWfCQBfRJCw_Plugin.x86.dll_10.1.24.1~10.1.1000.10.psf" MD5="82819D31EC5B61D2D17FC7AC89CF7D99" Type="PA30" Base="04000A8F3D6104D635257E10FB33BCC6"/>
				<Delta Size="16922" URL="Config_Plugins_FrogPlugins_Pcn7FMvReAsVWfCQBfRJCw_Plugin.x86.dll_10.1.24.2~10.1.1000.10.psf" MD5="CE416E99BA032CB8CFF06516E0C39051" Type="PA30" Base="8DF0B0F67261F0708E23B5919BD3FA49"/>
				<Delta Size="13931" URL="Config_Plugins_FrogPlugins_Pcn7FMvReAsVWfCQBfRJCw_Plugin.x86.dll_10.1.26.3~10.1.1000.10.psf" MD5="728BEC490C48912B25F2FC32A02EE9B7" Type="PA30" Base="DDFBF0D53C1AE0BA991A1B521ABAB438"/>
				<Delta Size="41613" URL="Config_Plugins_FrogPlugins_Pcn7FMvReAsVWfCQBfRJCw_Plugin.x86.dll_10.1.1000.10.cab" MD5="E45BE8FD37E80463A98D2799FE482146" Type="MSCF"/>
			</Version>
		</File>
		<File Path="Config\Plugins\FrogPlugins_Pcn7FMvReAsVWfCQBfRJCw\PluginRes.dll">
			<Applicable>
				<Or>
					<FileExist FilePath="%0%Config\Plugins\FrogPlugins_Pcn7FMvReAsVWfCQBfRJCw\Plugin.amd64.dll"/>
					<FileExist FilePath="%0%Config\Plugins\FrogPlugins_Pcn7FMvReAsVWfCQBfRJCw\Plugin.x86.dll"/>
				</Or>
			</Applicable>
			<Version MD5="CAB1EBC67EE075F4844C0836B6B29D73">
				<Delta Size="202906" URL="PluginRes_10.1.10.1.cab" MD5="0B280E9D2E37F451AE9ACE08AFD42782" Type="MSCF"/>
			</Version>
		</File>
		<File Path="Config\amd64\bcdboot.exe" Exist="True">
			<Applicable>
				<FileExist FilePath="%0%Dism++x64.exe"/>
			</Applicable>
			<Version MD5="BE14BE7C8F7F0F4E397B89979CB9CF6B">
				<Delta Size="79554" URL="bcdboot_amd64_10.0.10586.0.cab" MD5="4820C3B4392E4407F8871F3DAD7520F7" Type="MSCF"/>
			</Version>
		</File>
		<File Path="Config\x86\bcdboot.exe" Exist="True">
			<Applicable>
				<FileExist FilePath="%0%Dism++x86.exe"/>
			</Applicable>
			<Version MD5="805A3ACFB09848CE0255D20F7B993313">
				<Delta Size="71476 " URL="bcdboot_x86_10.0.10586.0.cab" MD5="27289F0D4AA6AB64ADE49A503C4D5115" Type="MSCF"/>
			</Version>
		</File>
		<File Path="Config\amd64\wimgapi.dll" Exist="True">
			<Applicable>
				<FileExist FilePath="%0%Dism++x64.exe"/>
			</Applicable>
			<Version MD5="D71C395347F794B0328B49B5268F0F83">
				<Delta Size="169652" URL="Config_amd64_wimgapi.dll_10.0.14393.0~10.0.16225.1000.psf" MD5="4C9E5149CFFC698AA7733DCF9E664890" Type="PA30" Base="6927F618D61A91A85FB17685311482D3"/>
				<Delta Size="161559" URL="Config_amd64_wimgapi.dll_10.0.15021.1000~10.0.16225.1000.psf" MD5="FBA0684F0550B6335F09836CF11580C6" Type="PA30" Base="C3529C600FB029BC2D5A547BA851897C"/>
				<Delta Size="161612" URL="Config_amd64_wimgapi.dll_10.0.15021.1001~10.0.16225.1000.psf" MD5="C255D249E1542086E93F4680560B83F5" Type="PA30" Base="F4EEE0E7A6997FB95999494DD685C096"/>
				<Delta Size="116578" URL="Config_amd64_wimgapi.dll_10.0.15052.1000~10.0.16225.1000.psf" MD5="47CB3AAB30B9EDADB26AE759144632E1" Type="PA30" Base="FFF1187CF692965A07DCAD971B4C34C3"/>
				<Delta Size="117535" URL="Config_amd64_wimgapi.dll_10.0.15063.0~10.0.16225.1000.psf" MD5="E10254CB8D7E0C8E612BEF91A863E9AB" Type="PA30" Base="E742164C5F621F26FF2EB362D2CE84B4"/>
				<Delta Size="316268" URL="Config_amd64_wimgapi.dll_10.0.16225.1000.cab" MD5="82DF4C5DEA7F3A3FB384DCDC2C5199EF" Type="MSCF"/>
			</Version>
		</File>
		<File Path="Config\x86\wimgapi.dll" Exist="True">
			<Applicable>
				<FileExist FilePath="%0%Dism++x86.exe"/>
			</Applicable>
			<Version MD5="DB0A029F4C66A3C3B130E73476E5FF24">
				<Delta Size="138159" URL="Config_x86_wimgapi.dll_10.0.14393.0~10.0.16225.1000.psf" MD5="8270DA8A49AED964AD267D285C4B467C" Type="PA30" Base="CF4B0D899A2F1A0B06B5CE65A5E69A02"/>
				<Delta Size="94352" URL="Config_x86_wimgapi.dll_10.0.15021.1000~10.0.16225.1000.psf" MD5="3E726DC10D96D48C99C9C38C02C4FABE" Type="PA30" Base="A3F4BA3F6964DCFE3FAFEF36846B0787"/>
				<Delta Size="94442" URL="Config_x86_wimgapi.dll_10.0.15021.1001~10.0.16225.1000.psf" MD5="19613B937E3491E47B82C899EEC1D144" Type="PA30" Base="D27DC69A83C3B129C5C268BE4903CDA1"/>
				<Delta Size="94660" URL="Config_x86_wimgapi.dll_10.0.15052.1000~10.0.16225.1000.psf" MD5="882571EC3B3640E67C4DEA10E91D3157" Type="PA30" Base="62D2B6099C74D3DE15C47454CEBAC7FB"/>
				<Delta Size="95019" URL="Config_x86_wimgapi.dll_10.0.15063.0~10.0.16225.1000.psf" MD5="0DF4E39625419F342150727DD291A229" Type="PA30" Base="D85F641D4AD19CCAA0761B76AA16E173"/>
				<Delta Size="273254" URL="Config_x86_wimgapi.dll_10.0.16225.1000.cab" MD5="2B2FF9B37AC2FD65E5BC228920EE309C" Type="MSCF"/>
			</Version>
		</File>
		<File Path="Config\amd64\wofadk.sys" Exist="True">
			<Version MD5="FBA28D5AC166714737D1D8CDF0AEF078">
				<Delta Size="112225" URL="wofadk_amd64_10.0.14393.0.cab" MD5="D3A918FB9B17B2A95DE6849C3616FB52" Type="MSCF"/>
			</Version>
		</File>
		<File Path="Config\x86\wofadk.sys" Exist="True">
			<Version MD5="B58305136C4CE3508C0A3C9E48432AC9">
				<Delta Size="97413" URL="wofadk_x86_10.0.14393.0.cab" MD5="C69221C3E0F5BF3A99ECEAEDE4D9CC0F" Type="MSCF"/>
			</Version>
		</File>
		<File Path="Config\amd64\NCleaner.dll">
			<Applicable>
				<FileExist FilePath="%0%Dism++x64.exe"/>
			</Applicable>
			<Version MD5="F7FFAE87600749ADA339F55F25B4709B">
				<Delta Size="15835" URL="Config_amd64_NCleaner.dll_1.0.2.3~1.0.3.8.psf" MD5="CB94ED429AFC7FFF51E75605C3224A63" Type="PA30" Base="C201D08840872855C71E19C9F4B89A35"/>
				<Delta Size="15823" URL="Config_amd64_NCleaner.dll_1.0.2.4~1.0.3.8.psf" MD5="A6D1002672253FDC2A6B8B4D37DA7781" Type="PA30" Base="59C2CBD79CB24AEA93B70F30D36C5395"/>
				<Delta Size="15760" URL="Config_amd64_NCleaner.dll_1.0.2.5~1.0.3.8.psf" MD5="7EC4D66D73C6220A9C42068DF3BE3F4D" Type="PA30" Base="E7A06FB9714F4BF6447F31351E90EE9F"/>
				<Delta Size="15217" URL="Config_amd64_NCleaner.dll_1.0.2.8~1.0.3.8.psf" MD5="0F11C8555DB57ADEB7A4B742FF671D60" Type="PA30" Base="0E55C6BA91F66EE4109C6FCAF7E86621"/>
				<Delta Size="13365" URL="Config_amd64_NCleaner.dll_1.0.3.4~1.0.3.8.psf" MD5="B5A647220009A4EFD0F25D3253CE517D" Type="PA30" Base="1750234D8F7D97CB043A3FFB49270B22"/>
				<Delta Size="5345" URL="Config_amd64_NCleaner.dll_1.0.3.6~1.0.3.8.psf" MD5="440673FB05BF351FB706566841D53B2B" Type="PA30" Base="4D7AF069E8722FF400D9FA99EC643D46"/>
				<Delta Size="19407" URL="Config_amd64_NCleaner.dll_1.0.3.8.cab" MD5="3B2EB687B1329B9616BF0D42DC2C5B3C" Type="MSCF"/>
			</Version>
		</File>
		<File Path="Config\x86\NCleaner.dll">
			<Applicable>
				<FileExist FilePath="%0%Dism++x86.exe"/>
			</Applicable>
			<Version MD5="C8EE21CE43E33EAC904EB9E36ECBBE95">
				<Delta Size="13168" URL="Config_x86_NCleaner.dll_1.0.2.3~1.0.3.8.psf" MD5="6B6CBFE39CF38C29C2A3A93455FC7270" Type="PA30" Base="2879965DE72849D1F2780D3C4A2CCF8F"/>
				<Delta Size="13147" URL="Config_x86_NCleaner.dll_1.0.2.4~1.0.3.8.psf" MD5="EAFBA605DEDA56FCB62073A10F8955B6" Type="PA30" Base="10682298BD9097A53E3008D95D0CECB6"/>
				<Delta Size="13128" URL="Config_x86_NCleaner.dll_1.0.2.5~1.0.3.8.psf" MD5="F6BCAAACC932733FEEA38446220D8C3A" Type="PA30" Base="F632AE3B9BFF565C85F542ABBF25C403"/>
				<Delta Size="12626" URL="Config_x86_NCleaner.dll_1.0.2.8~1.0.3.8.psf" MD5="56942B9A4170FB0CE93C4E8F58754A06" Type="PA30" Base="34E270C582DD82110BBF64B68A4A8897"/>
				<Delta Size="11088" URL="Config_x86_NCleaner.dll_1.0.3.4~1.0.3.8.psf" MD5="B3DE6C8C17F95AA857598209802C438A" Type="PA30" Base="450ADA8B08A92B01DB16B5901D2D1DDA"/>
				<Delta Size="4906" URL="Config_x86_NCleaner.dll_1.0.3.6~1.0.3.8.psf" MD5="894FB0C7381A83FAF2B4683CF7C476A9" Type="PA30" Base="7DE371005465B905D153BEC9527E8700"/>
				<Delta Size="16823" URL="Config_x86_NCleaner.dll_1.0.3.8.cab" MD5="DD80F2C266BBB7485EBC055CDDAC0543" Type="MSCF"/>
			</Version>
		</File>
	</FileCollection>
	<Languages>
		<en Path="Config\Languages\en.zip">
			<Version MD5="671218D8C3A6F37EDBE0D83F2EB7AD22">
				<Delta Size="34166" URL="Config_Languages_en.zip_2017-04-16~2017-08-13.psf" MD5="9EFB4A13EDE29A872FEF9138BB4A49ED" Type="PA30" Base="F6C53F1423CF00B1DADD7EB0A82C1976"/>
				<Delta Size="34352" URL="Config_Languages_en.zip_2017-04-27~2017-08-13.psf" MD5="982D53400FF31B3570565BCC808E3142" Type="PA30" Base="28416CAE61D7D1AF6DD5D2D23CF97340"/>
				<Delta Size="33769" URL="Config_Languages_en.zip_2017-06-17~2017-08-13.psf" MD5="43145AC09FCEA92D47E656739EBC4A7C" Type="PA30" Base="5394846038CA89A4697C0784713A1B99"/>
				<Delta Size="18486" URL="Config_Languages_en.zip_2017-06-25~2017-08-13.psf" MD5="61D82683306E04368E479658D0EBE181" Type="PA30" Base="E979E3C009BD596218CE75FD5D812909"/>
				<Delta Size="35660" URL="Config_Languages_en.zip_2017-08-13..zip" MD5="671218D8C3A6F37EDBE0D83F2EB7AD22" Type="RAW"/>
			</Version>
		</en>
		<bg Path="Config\Languages\bg.zip">
			<Version MD5="77B76A62B21718919B0B24515A2D24F0">
				<Delta Size="40207" URL="Config_Languages_bg.zip_2017-04-27~2017-08-13.psf" MD5="582F2A2DBC84728F344215F8DC15D37D" Type="PA30" Base="965C4B61949119C97157FB5F4C5F0E24"/>
				<Delta Size="40037" URL="Config_Languages_bg.zip_2017-05-21~2017-08-13.psf" MD5="6F6CC01D4AD476F9F60C67663C1E7CEF" Type="PA30" Base="E36561EA12099F7007A5BF79FEE80F33"/>
				<Delta Size="24629" URL="Config_Languages_bg.zip_2017-06-17~2017-08-13.psf" MD5="AA0B176F9ED15366BB62AC094498B279" Type="PA30" Base="E642F9142700A8C8E743B8276224C8F0"/>
				<Delta Size="40995" URL="Config_Languages_bg.zip_2017-08-13..zip" MD5="77B76A62B21718919B0B24515A2D24F0" Type="RAW"/>
			</Version>
		</bg>
		<cs Path="Config\Languages\cs.zip">
			<Version MD5="552C0F56D09B78F0829A3FE06FD605D1">
				<Delta Size="35841" URL="Config_Languages_cs.zip_2017-04-20~2017-08-13.psf" MD5="9A34F8BFF576E3E33AF0764C83A6FA6D" Type="PA30" Base="AF37640BE573BA0C9422989B8DA6073D"/>
				<Delta Size="36898" URL="Config_Languages_cs.zip_2017-04-27~2017-08-13.psf" MD5="6D362FB54C7C5C6FAAC8F461C5005581" Type="PA30" Base="9C5DDE8796743560C7A4BD042FBA7BBC"/>
				<Delta Size="18974" URL="Config_Languages_cs.zip_2017-06-17~2017-08-13.psf" MD5="4CF2F9D121EA94500FBF6D7BCD31E339" Type="PA30" Base="F9934CE7755E7A6FA3F8804599CFEB0D"/>
				<Delta Size="38212" URL="Config_Languages_cs.zip_2017-08-13..zip" MD5="552C0F56D09B78F0829A3FE06FD605D1" Type="RAW"/>
			</Version>
		</cs>
		<de Path="Config\Languages\de.zip">
			<Version MD5="8F987A6E1B09A02C6ECFA4D4817AD170">
				<Delta Size="37042" URL="Config_Languages_de.zip_2017-04-27~2017-08-13.psf" MD5="9231702DD2BA1D9A5D78A0CA505244D9" Type="PA30" Base="1964F44B24D1DD0DF213CC3ACA1080EB"/>
				<Delta Size="36662" URL="Config_Languages_de.zip_2017-05-21~2017-08-13.psf" MD5="E4AE433B0B072C2BC98C401911CDFAFD" Type="PA30" Base="84A1A2648BB2A22F6AE679B96C6D954D"/>
				<Delta Size="19815" URL="Config_Languages_de.zip_2017-06-17~2017-08-13.psf" MD5="72D1E64EB5F5EAEB1B2C96B3A8C071DC" Type="PA30" Base="B0B4158848C379D8FDF98C7845C4784A"/>
				<Delta Size="37950" URL="Config_Languages_de.zip_2017-08-13..zip" MD5="8F987A6E1B09A02C6ECFA4D4817AD170" Type="RAW"/>
			</Version>
		</de>
		<es Path="Config\Languages\es.zip">
			<Version MD5="06B70D3DD2AD5B3FB268A73BD3DA6E5E">
				<Delta Size="36330" URL="Config_Languages_es.zip_2017-04-01~2017-08-13.psf" MD5="438E1C330D562E30E3C39F64321721A3" Type="PA30" Base="A4530C3CDA4E46185B5DC90EF8717FE3"/>
				<Delta Size="36431" URL="Config_Languages_es.zip_2017-04-16~2017-08-13.psf" MD5="130AB2B11CC7C1EEE49858F453198BC3" Type="PA30" Base="648588361F63EBC5D99C6E5FD32934C2"/>
				<Delta Size="36219" URL="Config_Languages_es.zip_2017-04-27~2017-08-13.psf" MD5="41066643B73D5252DB5B6311EC790A5F" Type="PA30" Base="8CA81C35F99BC31D31F381B58C099FB6"/>
				<Delta Size="35860" URL="Config_Languages_es.zip_2017-05-21~2017-08-13.psf" MD5="F792521AF9BA1825086E2F1D6FC0B019" Type="PA30" Base="6680E091D52B9244F426261DD881F118"/>
				<Delta Size="35573" URL="Config_Languages_es.zip_2017-06-17~2017-08-13.psf" MD5="2BBAABCC21E946369C222E2EEEA24502" Type="PA30" Base="93DF0CEFA9FE43E652E068E424EC4911"/>
				<Delta Size="36792" URL="Config_Languages_es.zip_2017-08-13..zip" MD5="06B70D3DD2AD5B3FB268A73BD3DA6E5E" Type="RAW"/>
			</Version>
		</es>
		<fr Path="Config\Languages\fr.zip">
			<Version MD5="17A3593597A38CB54BB282D922EE4D2A">
				<Delta Size="39300" URL="Config_Languages_fr.zip_2017-04-20~2017-08-13.psf" MD5="0F96E620514584881C9E6718808D3DF4" Type="PA30" Base="218102541429B840DACDB616E7ABAE16"/>
				<Delta Size="39306" URL="Config_Languages_fr.zip_2017-04-27~2017-08-13.psf" MD5="B0F42EBFAAFDEEB85BAF8DA56F33BE66" Type="PA30" Base="F808505E5791CD83390E1D40A5FF43C8"/>
				<Delta Size="36914" URL="Config_Languages_fr.zip_2017-05-21~2017-08-13.psf" MD5="C3A3349D7106CA470357E667818ECD45" Type="PA30" Base="E94D19D63016276C89C63D510F8AC6E3"/>
				<Delta Size="19463" URL="Config_Languages_fr.zip_2017-06-17~2017-08-13.psf" MD5="5E4BD9A02321E78B4E05C2C1136095DD" Type="PA30" Base="8FE076E1CD1F62BC5C58A51B047C44DE"/>
				<Delta Size="39140" URL="Config_Languages_fr.zip_2017-08-13..zip" MD5="17A3593597A38CB54BB282D922EE4D2A" Type="RAW"/>
			</Version>
		</fr>
		<it Path="Config\Languages\it.zip">
			<Version MD5="DB7ED28C31C3683A20F3B2EC2DD8C1FF">
				<Delta Size="35621" URL="Config_Languages_it.zip_2017-04-16~2017-08-13.psf" MD5="10111C13D73D73C3699729B59AA5DE5E" Type="PA30" Base="E13DAC6B84ACC8789A4F962AFD6853B3"/>
				<Delta Size="34809" URL="Config_Languages_it.zip_2017-04-27~2017-08-13.psf" MD5="5B19B1B3BB60C2B821676709070EBD8C" Type="PA30" Base="DE05FA124572AC925E6F4BD58866A8D9"/>
				<Delta Size="19621" URL="Config_Languages_it.zip_2017-06-17~2017-08-13.psf" MD5="2BFA3389189CECD5B06E9EC3DB79D7E2" Type="PA30" Base="675521E2319EB237F3C81D4E3A00F8D0"/>
				<Delta Size="36713" URL="Config_Languages_it.zip_2017-08-13..zip" MD5="DB7ED28C31C3683A20F3B2EC2DD8C1FF" Type="RAW"/>
			</Version>
		</it>
		<ja Path="Config\Languages\ja.zip">
			<Version MD5="8FAEE9ABFB615D9461010BAA36FA36A9">
				<Delta Size="37918" URL="Config_Languages_ja.zip_2017-04-04~2017-08-13.psf" MD5="3AE3AE580F179719CE4F04729CE6C3B9" Type="PA30" Base="171266B0D885463B1F9471FFF2431A1D"/>
				<Delta Size="37633" URL="Config_Languages_ja.zip_2017-04-16~2017-08-13.psf" MD5="1E02551FE878E51ED7BE8C04D399D84A" Type="PA30" Base="48A8B5616919254E1E07E77A9003D590"/>
				<Delta Size="37576" URL="Config_Languages_ja.zip_2017-04-27~2017-08-13.psf" MD5="367EA0111AAFDEB601CB813DA8D9ECDF" Type="PA30" Base="B3A048DDB145B3A805FCA25C53A10AEC"/>
				<Delta Size="36996" URL="Config_Languages_ja.zip_2017-06-17~2017-08-13.psf" MD5="83C7128532067DB179F08BDF315793F9" Type="PA30" Base="09AAA9AA327CC9B489EA1CB5A1999A60"/>
				<Delta Size="35867" URL="Config_Languages_ja.zip_2017-06-25~2017-08-13.psf" MD5="A76B8BEF85F8600213B0DBE37A75D8FF" Type="PA30" Base="04516AB807FE51A93F4EF09FABEBC382"/>
				<Delta Size="37940" URL="Config_Languages_ja.zip_2017-08-13..zip" MD5="8FAEE9ABFB615D9461010BAA36FA36A9" Type="RAW"/>
			</Version>
		</ja>
		<ko Path="Config\Languages\ko.zip">
			<Version MD5="2B6C08B06F65C75590858605BD161BF0">
				<Delta Size="36844" URL="Config_Languages_ko.zip_2017-04-20~2017-08-13.psf" MD5="9334AC103713853C88029A02A64E6D00" Type="PA30" Base="0D2A556B02D2880C4259A188368D63BA"/>
				<Delta Size="36213" URL="Config_Languages_ko.zip_2017-04-27~2017-08-13.psf" MD5="107ED5DB27F93C800CA006729FC4A98D" Type="PA30" Base="7507A2D66FA197713C648AD457632025"/>
				<Delta Size="18432" URL="Config_Languages_ko.zip_2017-06-17~2017-08-13.psf" MD5="DFC138379117E87394FEB5895A63AAC1" Type="PA30" Base="3E0AB838592515A4E1FF8E55DA0D0B0A"/>
				<Delta Size="37508" URL="Config_Languages_ko.zip_2017-08-13..zip" MD5="2B6C08B06F65C75590858605BD161BF0" Type="RAW"/>
			</Version>
		</ko>
		<pl-pl Path="Config\Languages\pl-PL.zip">
			<Version MD5="C0524058313C6400F9231F185CF31253">
				<Delta Size="37200" URL="Config_Languages_pl-PL.zip_2017-04-20~2017-08-13.psf" MD5="1BE5F63027D37CB5F98EF6882FF5C857" Type="PA30" Base="9720B91927D45F8B931A84F02FC57090"/>
				<Delta Size="35785" URL="Config_Languages_pl-PL.zip_2017-04-27~2017-08-13.psf" MD5="B8D0E68DB49682CCE532E4ABB3AD1EBA" Type="PA30" Base="FF2670CCD1E1F74474140050C9FF153A"/>
				<Delta Size="36707" URL="Config_Languages_pl-PL.zip_2017-05-21~2017-08-13.psf" MD5="8882FFC018E249174F22E76ED61EA3E2" Type="PA30" Base="1D7CF1309014689D506C2E9849211284"/>
				<Delta Size="17959" URL="Config_Languages_pl-PL.zip_2017-06-17~2017-08-13.psf" MD5="76F09A327DA556537331060CBFC67B9D" Type="PA30" Base="57D2DCC7E58ECF37E5DA712ADD66CB8C"/>
				<Delta Size="37797" URL="Config_Languages_pl-PL.zip_2017-08-13..zip" MD5="C0524058313C6400F9231F185CF31253" Type="RAW"/>
			</Version>
		</pl-pl>
		<pt Path="Config\Languages\pt.zip">
			<Version MD5="DF9A6BC576F4B8EE8CA87F1C81119C3D">
				<Delta Size="36357" URL="Config_Languages_pt.zip_2017-04-15~2017-08-13.psf" MD5="2623DA6EDB47677DBF5C156060637E00" Type="PA30" Base="4CF418127604D37788C505BF926EE842"/>
				<Delta Size="35582" URL="Config_Languages_pt.zip_2017-04-27~2017-08-13.psf" MD5="125F4E4204D1D9211F85954EF0C7C6AB" Type="PA30" Base="5F61E1BE053914DAEE1EB4C241EF746A"/>
				<Delta Size="37387" URL="Config_Languages_pt.zip_2017-08-13..zip" MD5="DF9A6BC576F4B8EE8CA87F1C81119C3D" Type="RAW"/>
			</Version>
		</pt>
		<ru Path="Config\Languages\ru.zip">
			<Version MD5="0D2A700A4929CF903BB4E00B90FB04D9">
				<Delta Size="40514" URL="Config_Languages_ru.zip_2017-04-04~2017-08-13.psf" MD5="BDCDBE5890DA6D2064406B3B038A43CD" Type="PA30" Base="EE6FCD46A4783948789CDB05AA61FE03"/>
				<Delta Size="40456" URL="Config_Languages_ru.zip_2017-04-16~2017-08-13.psf" MD5="7065DABB9FE0ADD8B0EDAFAD76ECF5C6" Type="PA30" Base="00C57C51123C266EAAC5793591FCA802"/>
				<Delta Size="40596" URL="Config_Languages_ru.zip_2017-04-20~2017-08-13.psf" MD5="3E66C55DA78B041766A8740F41D70947" Type="PA30" Base="4DF0EDEFC0A2B2DCD6A06CAEB469D4AB"/>
				<Delta Size="38585" URL="Config_Languages_ru.zip_2017-04-27~2017-08-13.psf" MD5="665E6FB2B4CAD9BD8F795056A2C89C60" Type="PA30" Base="16B2EC04FF6DB8726A33D4A523C85B76"/>
				<Delta Size="39935" URL="Config_Languages_ru.zip_2017-05-21~2017-08-13.psf" MD5="2BF621B31E434AEBCCCA24B691D73D9C" Type="PA30" Base="AF040443329A38140969D77A39F77683"/>
				<Delta Size="40893" URL="Config_Languages_ru.zip_2017-08-13..zip" MD5="0D2A700A4929CF903BB4E00B90FB04D9" Type="RAW"/>
			</Version>
		</ru>
		<zh-hans Path="Config\Languages\zh-Hans.zip">
			<Version MD5="E146B81CA1D7E7A846381DADEC50E40C">
				<Delta Size="5643" URL="Config_Languages_zh-Hans.zip_2017-04-04~2017-08-13.psf" MD5="7B0E67E16E54DE5BAC95FBC50ABCDF0F" Type="PA30" Base="BFBAD4467FFA6398CC002972AE910E4A"/>
				<Delta Size="6674" URL="Config_Languages_zh-Hans.zip_2017-08-13..zip" MD5="E146B81CA1D7E7A846381DADEC50E40C" Type="RAW"/>
			</Version>
		</zh-hans>
		<zh-hant Path="Config\Languages\zh-Hant.zip">
			<Version MD5="965B10B829F5796356AFD110F874DA28">
				<Delta Size="33754" URL="Config_Languages_zh-Hant.zip_2017-04-16~2017-08-13.psf" MD5="BA033741FA622CD701FD5DCAB4466297" Type="PA30" Base="858D658C42F54834B25B9AE444538946"/>
				<Delta Size="33690" URL="Config_Languages_zh-Hant.zip_2017-04-20~2017-08-13.psf" MD5="56AA16D186D0295A1FC537065A221722" Type="PA30" Base="6D4D84CFF602E66BD0361F464320B828"/>
				<Delta Size="33549" URL="Config_Languages_zh-Hant.zip_2017-04-27~2017-08-13.psf" MD5="9D333D3F42726BE851C91648D6296141" Type="PA30" Base="A3B36459715BB053640894DA397FFA4E"/>
				<Delta Size="32901" URL="Config_Languages_zh-Hant.zip_2017-05-21~2017-08-13.psf" MD5="36114F309094ED94B0B767D652366028" Type="PA30" Base="6C3269007DCE83A9C55C5775FFDE6F89"/>
				<Delta Size="32810" URL="Config_Languages_zh-Hant.zip_2017-05-29~2017-08-13.psf" MD5="0B81413D12B69F438CF50C5B77D27FF8" Type="PA30" Base="13F4ECA5C32E2BBE29E1F2E54693C6B4"/>
				<Delta Size="32490" URL="Config_Languages_zh-Hant.zip_2017-06-17~2017-08-13.psf" MD5="5FE2FE082D530CB7EAB8EA1D63601595" Type="PA30" Base="BF90D50E7E5A59910631D4DAD2D20FE4"/>
				<Delta Size="32534" URL="Config_Languages_zh-Hant.zip_2017-06-25~2017-08-13.psf" MD5="79E2F014A820E6CCA54D3C1AB5D99692" Type="PA30" Base="6140C55AF1A2A4904348C3427796DDD1"/>
				<Delta Size="33624" URL="Config_Languages_zh-Hant.zip_2017-08-13..zip" MD5="965B10B829F5796356AFD110F874DA28" Type="RAW"/>
			</Version>
		</zh-hant>
	</Languages>
	<WSUS Path="Config\wsusscn2.cab">
		<Version MD5="b9c993b8d54c745214d3088f00d3fbc1">
			<Delta Size="22201430" URL="wsusscn2_2017-08-11.cab" MD5="b9c993b8d54c745214d3088f00d3fbc1" Type="RAW"/>
		</Version>
	</WSUS>
	<Report>
		<UpdateReport>http://web1612151818153.bj01.bdysite.com/chuyu-analysis/client_update.php</UpdateReport>
		<CrashReport>http://web1612151818153.bj01.bdysite.com/chuyu-analysis/crash_report.php</CrashReport>
		<MinReport>A000100150001</MinReport>
		<Key>ynNMAs1BjAjE8WVY+ay9xA==</Key>
	</Report>
</UpdateInfo>

